Label,Count
DDOS-ICMP_FLOOD,37848
DDOS-UDP_FLOOD,32683
DDOS-PSHACK_FLOOD,26592
DDOS-TCP_FLOOD,26520
DDOS-SYN_FLOOD,26212
DDOS-RSTFINFLOOD,24356
DOS-UDP_FLOOD,23088
DDOS-SYNONYMOUSIP_FLOOD,22718
DOS-TCP_FLOOD,17654
DOS-SYN_FLOOD,14430
BENIGN,8526
MIRAI-GREETH_FLOOD,7693
MIRAI-UDPPLAIN,7163
MIRAI-GREIP_FLOOD,5961
DDOS-ICMP_FRAGMENTATION,3464
VULNERABILITYSCAN,2978
MITM-ARPSPOOFING,2406
DDOS-ACK_FRAGMENTATION,2283
DDOS-UDP_FRAGMENTATION,2257
DNS_SPOOFING,1361
RECON-HOSTDISCOVERY,1045
RECON-OSSCAN,801
RECON-PORTSCAN,643
DOS-HTTP_FLOOD,570
DDOS-HTTP_FLOOD,216
DDOS-SLOWLORIS,208
DICTIONARYBRUTEFORCE,100
SQLINJECTION,54
BROWSERHIJACKING,46
COMMANDINJECTION,40
XSS,34
BACKDOOR_MALWARE,23
RECON-PINGSWEEP,16
UPLOADING_ATTACK,11
