Feature,RF_Importance,MI_Score,RF_Rank,MI_Rank,Cumulative_Importance
Number,0.155602,0.094066,1,1,0.155602
ack_flag_number,0.109301,0.067797,2,9,0.264903
HTTPS,0.108345,0.072545,3,8,0.373248
Tot size,0.087265,0.076655,4,5,0.460513
Rate,0.076775,0.063681,5,11,0.537288
Header_Length,0.070654,0.0842,6,2,0.607942
IAT,0.067235,0.066401,7,10,0.675177
AVG,0.062982,0.076266,8,6,0.738159
ack_count,0.04967,0.080805,9,3,0.787829
Variance,0.04361,0.063521,10,12,0.831439
Std,0.034508,0.063289,11,13,0.865947
Max,0.027984,0.062003,12,14,0.893931
Tot sum,0.027494,0.080016,13,4,0.921425
TCP,0.018305,0.053673,14,16,0.93973
Time_To_Live,0.017625,0.072903,15,7,0.957355
Min,0.01085,0.044986,16,17,0.968205
psh_flag_number,0.007066,0.056919,17,15,0.975272
syn_count,0.005446,0.008301,18,26,0.980717
UDP,0.003368,0.040337,19,18,0.984085
syn_flag_number,0.002999,0.015275,20,21,0.987084
ARP,0.001712,0.013211,21,22,0.988796
rst_count,0.00168,0.002107,22,32,0.990476
HTTP,0.001521,0.005858,23,28,0.991998
Protocol Type,0.001426,0.010841,24,23,0.993424
LLC,0.001361,0.019996,25,19,0.994785
DNS,0.001122,0.010494,26,24,0.995907
rst_flag_number,0.001048,0.004571,27,30,0.996955
IPv,0.000815,0.017579,28,20,0.997771
fin_count,0.00068,0.004783,29,29,0.99845
fin_flag_number,0.000507,0.006399,30,27,0.998957
ICMP,0.000478,0.00948,31,25,0.999435
SSH,0.000226,0.0,32,38,0.999661
DHCP,0.000221,0.00238,33,31,0.999881
cwr_flag_number,4.3e-05,0.0,34,36,0.999924
ece_flag_number,2.3e-05,0.000547,35,34,0.999947
IGMP,2.3e-05,0.00123,36,33,0.999971
IRC,2.3e-05,0.0,37,39,0.999994
SMTP,6e-06,0.000199,38,35,1.0
Telnet,0.0,0.0,39,37,1.0
