Label,Detection_Rate,Test_Samples
RECON-PINGSWEEP,0.0,2
RECON-OSSCAN,0.60625,160
DICTIONARYBRUTEFORCE,0.61111,18
BACKDOOR_MALWARE,0.66667,6
BROWSERHIJACKING,0.66667,6
MITM-ARPSPOOFING,0.69899,495
VULNERABILITYSCAN,0.73813,653
UPLOADING_ATTACK,0.75,4
DNS_SPOOFING,0.75096,261
RECON-PORTSCAN,0.776,125
RECON-HOSTDISCOVERY,0.82273,220
COMMANDINJECTION,0.83333,6
XSS,0.85714,7
DDOS-HTTP_FLOOD,1.0,47
DDOS-ICMP_FRAGMENTATION,1.0,685
DDOS-ICMP_FLOOD,1.0,7600
DDOS-UDP_FRAGMENTATION,1.0,442
DDOS-UDP_FLOOD,1.0,6533
DDOS-TCP_FLOOD,1.0,5190
DDOS-SYN_FLOOD,1.0,5145
DDOS-SLOWLORIS,1.0,34
DDOS-SYNONYMOUSIP_FLOOD,1.0,4550
DDOS-RSTFINFLOOD,1.0,4913
DDOS-PSHACK_FLOOD,1.0,5327
MIRAI-UDPPLAIN,1.0,1415
MIRAI-GREIP_FLOOD,1.0,1176
MIRAI-GREETH_FLOOD,1.0,1547
DOS-UDP_FLOOD,1.0,4660
DOS-TCP_FLOOD,1.0,3547
DOS-SYN_FLOOD,1.0,2958
DOS-HTTP_FLOOD,1.0,102
DDOS-ACK_FRAGMENTATION,1.0,450
SQLINJECTION,1.0,11
